,App,Category,Rating,Reviews,Size,Installs,Type
0,Photo Editor & Candy Camera & Grid & ScrapBook,ART_AND_DESIGN,4.1,159,19M,"10,000+",Free
1,"U Launcher Lite – FREE Live Cool Themes, Hide Apps",ART_AND_DESIGN,4.7,87510,8.7M,"5,000,000+",Free
2,Sketch - Draw & Paint,ART_AND_DESIGN,4.5,215644,25M,"50,000,000+",Free
3,Pixel Draw - Number Art Coloring Book,ART_AND_DESIGN,4.3,967,2.8M,"100,000+",Free
4,Paper flowers instructions,ART_AND_DESIGN,4.4,167,5.6M,"50,000+",Free
5,Infinite Painter,ART_AND_DESIGN,4.1,36815,29M,"1,000,000+",Free
6,Garden Coloring Book,ART_AND_DESIGN,4.4,13791,33M,"1,000,000+",Free
7,Kids Paint Free - Drawing Fun,ART_AND_DESIGN,4.7,121,3.1M,"10,000+",Free
8,Text on Photo - Fonteee,ART_AND_DESIGN,4.4,13880,28M,"1,000,000+",Free
9,Name Art Photo Editor - Focus n Filters,ART_AND_DESIGN,4.4,8788,12M,"1,000,000+",Free
10,Tattoo Name On My Photo Editor,ART_AND_DESIGN,4.2,44829,20M,"10,000,000+",Free
11,Mandala Coloring Book,ART_AND_DESIGN,4.6,4326,21M,"100,000+",Free
12,3D Color Pixel by Number - Sandbox Art Coloring,ART_AND_DESIGN,4.4,1518,37M,"100,000+",Free
13,Photo Designer - Write your name with shapes,ART_AND_DESIGN,4.7,3632,5.5M,"500,000+",Free
14,350 Diy Room Decor Ideas,ART_AND_DESIGN,4.5,27,17M,"10,000+",Free
15,FlipaClip - Cartoon animation,ART_AND_DESIGN,4.3,194216,39M,"5,000,000+",Free
16,ibis Paint X,ART_AND_DESIGN,4.6,224399,31M,"10,000,000+",Free
17,Boys Photo Editor - Six Pack & Men's Suit,ART_AND_DESIGN,4.1,654,12M,"100,000+",Free
18,Superheroes Wallpapers | 4K Backgrounds,ART_AND_DESIGN,4.7,7699,4.2M,"500,000+",Free
19,HD Mickey Minnie Wallpapers,ART_AND_DESIGN,4.7,118,23M,"50,000+",Free
20,Harley Quinn wallpapers HD,ART_AND_DESIGN,4.8,192,6.0M,"10,000+",Free
21,Colorfit - Drawing & Coloring,ART_AND_DESIGN,4.7,20260,25M,"500,000+",Free
22,Animated Photo Editor,ART_AND_DESIGN,4.1,203,6.1M,"100,000+",Free
23,Easy Realistic Drawing Tutorial,ART_AND_DESIGN,4.1,223,4.2M,"100,000+",Free
24,Pink Silver Bow Keyboard Theme,ART_AND_DESIGN,4.2,1120,9.2M,"100,000+",Free
25,Art Drawing Ideas,ART_AND_DESIGN,4.1,227,5.2M,"50,000+",Free
26,Anime Manga Coloring Book,ART_AND_DESIGN,4.5,5035,11M,"100,000+",Free
27,Easy Origami Ideas,ART_AND_DESIGN,4.2,1015,11M,"100,000+",Free
28,I Creative Idea,ART_AND_DESIGN,4.7,353,4.2M,"10,000+",Free
29,UNICORN - Color By Number & Pixel Art Coloring,ART_AND_DESIGN,4.7,8145,24M,"500,000+",Free
30,Floor Plan Creator,ART_AND_DESIGN,4.1,36639,Varies with device,"5,000,000+",Free
31,PIP Camera - PIP Collage Maker,ART_AND_DESIGN,4.7,158,11M,"10,000+",Free
32,Drawing Clothes Fashion Ideas,ART_AND_DESIGN,4.2,117,15M,"10,000+",Free
33,Sad Poetry Photo Frames 2018,ART_AND_DESIGN,4.5,176,10M,"100,000+",Free
34,Textgram - write on photos,ART_AND_DESIGN,4.4,295221,Varies with device,"10,000,000+",Free
35,Popsicle Sticks and Similar DIY Craft Ideas,ART_AND_DESIGN,4.2,26,12M,"10,000+",Free
36,"Canva: Poster, banner, card maker & graphic design",ART_AND_DESIGN,4.7,174531,24M,"10,000,000+",Free
37,Install images with music to make video without Net - 2018,ART_AND_DESIGN,4.6,1070,26M,"100,000+",Free
38,Little Teddy Bear Colouring Book Game,ART_AND_DESIGN,4.2,85,8.0M,"100,000+",Free
39,How To Draw Food,ART_AND_DESIGN,4.3,845,7.9M,"100,000+",Free
40,Cardi B Wallpaper,ART_AND_DESIGN,4.8,253,3.7M,"50,000+",Free
41,صور حرف H,ART_AND_DESIGN,4.4,13,4.5M,"1,000+",Free
42,Textgram - write on photos,ART_AND_DESIGN,4.4,295237,Varies with device,"10,000,000+",Free
43,X Launcher: With OS11 Style Theme & Control Center,ART_AND_DESIGN,4.7,5754,4.4M,"100,000+",Free
44,"X Launcher Pro: PhoneX Theme, OS11 Control Center",ART_AND_DESIGN,4.7,801,3.5M,"5,000+",Paid
45,X Launcher Pro - IOS Style Theme & Control Center,ART_AND_DESIGN,4.8,1216,8.6M,"10,000+",Paid
46,X Launcher Prime: With OS Style Theme & No Ads,ART_AND_DESIGN,4.7,149,3.5M,"1,000+",Paid
47,AJ Styles HD Wallpapers,ART_AND_DESIGN,4.8,48,25M,"5,000+",Free
48,Fantasy theme dark bw black building,ART_AND_DESIGN,4.8,41,1.9M,"5,000+",Free
49,Dp for girls,ART_AND_DESIGN,4.2,175,8.2M,"50,000+",Free
50,Name Art DP - Focus n Filter Text 2018,ART_AND_DESIGN,4.3,132,7.7M,"10,000+",Free
51,Spring flowers theme couleurs d t space,ART_AND_DESIGN,5.0,1,2.9M,100+,Free
